,sliding_number,rmse,mae
0,2,4.60133736577,1.39345012066
1,3,3.27172755114,0.856275139428
2,4,3.14096118759,0.972597108206
3,5,3.0351218925,0.937623669565
