,sliding_number,rmse,mae
0,2,2.42230084881,0.64510061666
1,3,2.69197433331,0.804953651176
2,4,2.90248170225,0.830808875052
3,5,2.94904963133,0.785582774584
4,6,3.41478284982,0.922721555429
5,7,3.56309581027,0.926655102927
6,8,3.76829876512,1.02569280657
7,9,2.98140644502,0.924037464784
