,sliding_number,rmse,mae
0,2,3.15415303633,0.801036813235
1,3,2.42782474571,0.601145826955
2,4,2.63158756132,0.832959026135
3,5,2.86569538611,0.901520758176
4,6,3.13891671507,0.969411692044
5,7,3.79323180126,0.939880253655
6,8,2.63763495741,0.921053298224
7,9,3.09953848414,0.940663022186
