,sliding_number,MAE CPU,MAE RAM
0,2,1.05135890857,0.123225117851
1,3,1.05107994991,0.123972549857
2,4,1.05135488125,0.116328438795
3,5,1.05079826413,0.115870500357
