,sliding_number,rmse,mae
0,2,0.0992296480106,0.0473775280419
1,3,0.190454669605,0.107712300012
2,4,0.121787842109,0.0499332937919
3,5,0.182529426386,0.0547411772512
