,sliding_number,rmse,mae
0,2,0.118120923002,0.0577327990976
1,3,0.138909508527,0.099391911724
2,4,0.172852077497,0.0668213038103
3,5,0.143085090096,0.0490163473665
