,sliding_number,MAE CPU,MAE RAM
0,2,1.05192117118,0.123339538581
1,3,1.04878173983,0.123181514772
2,4,1.05064131416,0.116526772248
3,5,1.05430028998,0.115768351005
