,sliding_number,rmse,mae
0,2,0.226067323114,0.0561243047831
1,3,0.203786085181,0.0540100222717
2,4,0.20865784019,0.0544612597547
3,5,0.189530196308,0.0522047991071
