,sliding_number,rmse,mae
0,2,3.27586413187,0.882884649611
1,3,2.94050499047,0.744581959911
2,4,3.76485192364,0.927867892977
3,5,3.47394540706,0.843026339286
