,sliding_number,rmse,mae
0,2,0.0955997733852,0.0378540044494
1,3,0.233377989052,0.0594415367483
2,4,0.156062700226,0.0464177814939
3,5,0.239627281037,0.0723560267857
