,sliding_number,MAE CPU,MAE RAM
0,2,0.880490378198,0.103814571746
1,3,0.800227505568,0.0915857461024
2,4,0.754905072464,0.098483277592
3,5,0.935577678571,0.123410267857
