,sliding_number,rmse,mae
0,2,3.37718861112,0.894176084538
1,3,3.20123293014,0.84536481069
2,4,3.22729956453,0.856897324415
3,5,3.05193882157,0.86980625
