,sliding_number,MAE CPU,MAE RAM
0,2,0.840208954394,0.108428809789
1,3,0.889221492205,0.122373496659
2,4,0.840165384615,0.10850490524
3,5,0.857248995536,0.142774553571
