,sliding_number,rmse,mae
0,2,3.36815385766,0.903855450501
1,3,2.97878269136,0.806597216036
2,4,3.03178053697,0.836581326644
3,5,2.657265612,0.779366852679
