,sliding_number,rmse,mae
0,2,3.55831465959,0.816043770857
1,3,3.01610057639,0.895329064588
2,4,3.33683322215,0.785780434783
3,5,3.06452320037,0.795453683036
