,sliding_number,MAE CPU,MAE RAM
0,2,0.880472246941,0.107635483871
1,3,0.81983986637,0.110363474388
2,4,0.849034392419,0.125870122631
3,5,0.813305245536,0.127705133929
