,sliding_number,rmse,mae
0,2,2.85272085286,0.722937764182
1,3,3.38768662013,0.747245211581
2,4,2.39690849182,0.657083444816
3,5,4.03387225743,0.981049330357
