,sliding_number,MAE CPU,MAE RAM
0,2,0.933657119021,0.109600778643
1,3,0.759630623608,0.116623608018
2,4,0.901227257525,0.102968673356
3,5,0.88620625,0.111344196429
