,sliding_number,MAE CPU,MAE RAM
0,2,0.856488932147,0.125316907675
1,3,0.879069821826,0.0992708240535
2,4,0.868754570792,0.122866332219
3,5,0.935931361607,0.115143080357
