,sliding_number,MAE CPU,MAE RAM
0,2,0.864720077864,0.127774749722
1,3,0.818194097996,0.114966592428
2,4,0.860046655518,0.150531661093
3,5,0.89754765625,0.147478125
