,sliding_number,rmse,mae
0,2,0.199418476566,0.0496487764182
1,3,0.202945183129,0.0561108017817
2,4,0.192442671428,0.0491736343367
3,5,0.276219774526,0.0681936383929
