,sliding_number,rmse,mae
0,2,0.324219269635,0.0978200778643
1,3,0.360602643205,0.10559298441
2,4,0.363361270794,0.108376532887
3,5,0.273785243165,0.0683560267857
