,sliding_number,rmse,mae
0,2,0.222850509278,0.055197163515
1,3,0.215568871443,0.0534459910913
2,4,0.188908807144,0.0521920289855
3,5,0.19093202149,0.0512979910714
