,sliding_number,rmse,mae
0,2,3.31577704873,0.740435650723
1,3,3.83153853689,0.876066926503
2,4,3.72523347185,0.872545317726
3,5,3.617500304,0.854856919643
