,sliding_number,hidden_nodes,rmse,mae
0,2,10,2.25623913576,0.856668635247
1,3,10,3.18717843087,0.714331179484
2,4,10,2.69613265828,0.909079293106
3,5,10,3.65143762738,0.93940976998
4,2,12,3.5958330975,0.789273291035
5,3,12,2.96738520411,0.604029174006
6,4,12,3.39571487372,0.992260499186
7,5,12,3.21582237296,0.88060670777
8,2,15,3.43798856604,0.753117963855
9,3,15,3.01935985701,0.69213185897
10,4,15,5.61656699647,1.15090684417
11,5,15,4.12350842132,0.836979994657
