,sliding_number,MAE CPU,MAE RAM
0,2,1.0536819616,0.0874706578471
1,3,1.05537656674,0.0873003814657
2,4,1.05357914104,0.0889996551877
3,5,1.05844921083,0.156403731712
