,sliding_number,hidden_nodes,rmse,mae
0,2,15,0.178703632698,0.0627260435048
1,3,15,0.197884606101,0.0599617422856
2,4,15,0.0993264141896,0.0369266157741
3,5,15,0.178489806041,0.0703146115815
