,sliding_number,MAE CPU,MAE RAM
0,2,1.0523787932,0.0874947106736
1,3,1.05288298335,0.155506734474
2,4,1.0461177424,0.111765026339
3,5,1.05856798887,0.10060677138
