,sliding_number,hidden_nodes,rmse,mae
0,2,15,0.19833216345,0.0601792224737
1,3,15,0.247895139449,0.0986929970954
2,4,15,0.223346192616,0.0592263973776
3,5,15,0.205559819138,0.0641410045808
