sliding,score
2,0.294215491846
3,0.467717390608
4,0.341345757711
5,0.111826208715
6,0.00207717338398
7,0.0025699859921
8,0.0020459157017
9,0.00942012865852
10,0.0106284814095
