score,y_pred
0.00307617682195,"[[ 0.01425584]
 [ 0.01400531]
 [ 0.01200396]
 ..., 
 [ 0.01500877]
 [ 0.017231  ]
 [ 0.01664113]]"
