sliding,score
2,0.00139444669267
3,0.00147038667274
