,sliding_number,cpu_rate,mem_usage,disk_io_time
0,2.0,1.08919412172,0.101745848232,0.00374612081351
1,3.0,1.05530829497,0.102572304461,0.00378681829273
2,4.0,1.05386708299,0.103272243273,0.00375463542444
3,5.0,1.05992401438,0.10333516445,0.00379210908713
4,2.0,1.05495441718,0.102288462794,0.00378647953526
5,3.0,1.05515458319,0.103117994137,0.00378551375259
6,4.0,1.04838082973,0.102607509657,0.00374996754983
7,5.0,1.07030932792,0.103634614171,0.00375386609947
