,sliding_number,cpu_rate,mem_usage,disk_io_time
0,2.0,1.07714501669,0.207253926585,0.168561868743
1,3.0,1.1810811804,0.211774922049,0.172406948775
2,4.0,1.29212084727,0.208362329989,0.195150234114
3,5.0,1.31115454241,0.2310640625,0.172794955357
4,2.0,1.0797070634,0.17899432703,0.197304471635
5,3.0,1.22577151448,0.218549020045,0.168633229399
6,4.0,1.24256439242,0.210772474916,0.186649899666
7,5.0,1.3452697433,0.229416450893,0.180595625
