,sliding_number,rmse,mae
0,2.0,0.242489282099,0.0652744716352
1,3.0,0.204778502548,0.0663140311804
2,4.0,0.264620859092,0.0711162207358
3,5.0,0.312855555764,0.0760033482143
