,sliding_number,cpu_rate,mem_usage,disk_io_time
0,2.0,1.05604775306,0.189973481646,0.189765428254
1,3.0,1.19472672606,0.194973095768,0.191275545657
2,4.0,1.25951565217,0.217147502787,0.183580334448
3,5.0,1.32098030134,0.224773482143,0.186032455357
4,2.0,1.06344078977,0.199091167964,0.17798567297
5,3.0,1.21813737194,0.204138619154,0.175473095768
6,4.0,1.30072956522,0.231464537347,0.168468628763
7,5.0,1.32715137277,0.221071361607,0.192887589286
