,sliding_number,cpu_rate,mem_usage,disk_io_time
0,2.0,1.05056305715,0.101837766904,0.00376643272444
1,3.0,1.06116753654,0.104151055024,0.00382708169645
2,4.0,1.05659485327,0.103084226606,0.00378572005396
3,5.0,1.05202561565,0.102951952243,0.00378217336044
4,2.0,1.052074823,0.10221806492,0.00374704887129
5,3.0,1.05056945962,0.102133515731,0.00374760115241
6,4.0,1.06190857483,0.102829993676,0.00378646488674
7,5.0,1.0551577497,0.102634557771,0.00379672232096
