,sliding_number,cpu_rate,mem_usage,disk_io_time
0,2.0,1.10159751947,0.173887185762,0.205079110122
1,3.0,1.1883345657,0.208918129176,0.176888240535
2,4.0,1.21382764771,0.216223489409,0.184760936455
3,5.0,1.31781018973,0.201758035714,0.212271071429
4,2.0,1.07091313682,0.190106585095,0.188116262514
5,3.0,1.23370489978,0.175495723831,0.214625434298
6,4.0,1.29038318841,0.225129576366,0.176968963211
7,5.0,1.39495347098,0.210005,0.211798303571
